Pergunta 1;1
Pergunta 2;1
Pergunta 3;1
Pergunta 4;1
Pergunta 5;1
Pergunta 6;1
Pergunta 7;1
Pergunta 8;1
Pergunta 9;1
Pergunta 10;1
Pergunta 11;1
Pergunta 12;1
Pergunta 13;1
Pergunta 14;1
Pergunta 15;1
Pergunta 16;1
Pergunta 17;1
Pergunta 18;1
Pergunta 19;1
Pergunta 20;1
Pergunta 21;1
Pergunta 22;1
Pergunta 23;1
Pergunta 24;1
Pergunta 25;1
Pergunta 26;1
Pergunta 27;1
Pergunta 28;1
Pergunta 29;1
Pergunta 30;1
Pergunta 31;1
Pergunta 32;1
Pergunta 33;1
Pergunta 34;1
Pergunta 35;1
Pergunta 36;1
Pergunta 37;1
Pergunta 38;1
Pergunta 39;1
Pergunta 40;1
Pergunta 41;1
Pergunta 42;1
Pergunta 43;1
Pergunta 44;1
Pergunta 45;1
Pergunta 46;1
Pergunta 47;1
Pergunta 48;1
Pergunta 49;1
Pergunta 50;1
Pergunta 51;2
Pergunta 52;2
Pergunta 53;2
Pergunta 54;2
Pergunta 55;2
Pergunta 56;2
Pergunta 57;2
Pergunta 58;2
Pergunta 59;2
Pergunta 60;2
Pergunta 61;2
Pergunta 62;2
Pergunta 63;2
Pergunta 64;2
Pergunta 65;2
Pergunta 66;2
Pergunta 67;2
Pergunta 68;2
Pergunta 69;2
Pergunta 70;2
Pergunta 71;2
Pergunta 72;2
Pergunta 73;2
Pergunta 74;2
Pergunta 75;2
Pergunta 76;2
Pergunta 77;2
Pergunta 78;2
Pergunta 79;2
Pergunta 80;2
Pergunta 81;2
Pergunta 82;2
Pergunta 83;2
Pergunta 84;2
Pergunta 85;2
Pergunta 86;2
Pergunta 87;2
Pergunta 88;2
Pergunta 89;2
Pergunta 90;2
Pergunta 91;2
Pergunta 92;2
Pergunta 93;2
Pergunta 94;2
Pergunta 95;2
Pergunta 96;2
Pergunta 97;2
Pergunta 98;2
Pergunta 99;2
Pergunta 100;2
Pergunta 101;3
Pergunta 102;3
Pergunta 103;3
Pergunta 104;3
Pergunta 105;3
Pergunta 106;3
Pergunta 107;3
Pergunta 108;3
Pergunta 109;3
Pergunta 110;3
Pergunta 111;3
Pergunta 112;3
Pergunta 113;3
Pergunta 114;3
Pergunta 115;3
Pergunta 116;3
Pergunta 117;3
Pergunta 118;3
Pergunta 119;3
Pergunta 120;3
Pergunta 121;3
Pergunta 122;3
Pergunta 123;3
Pergunta 124;3
Pergunta 125;3
Pergunta 126;3
Pergunta 127;3
Pergunta 128;3
Pergunta 129;3
Pergunta 130;3
Pergunta 131;3
Pergunta 132;3
Pergunta 133;3
Pergunta 134;3
Pergunta 135;3
Pergunta 136;3
Pergunta 137;3
Pergunta 138;3
Pergunta 139;3
Pergunta 140;3
Pergunta 141;3
Pergunta 142;3
Pergunta 143;3
Pergunta 144;3
Pergunta 145;3
Pergunta 146;3
Pergunta 147;3
Pergunta 148;3
Pergunta 149;3
Pergunta 150;3
Pergunta 151;4
Pergunta 152;4
Pergunta 153;4
Pergunta 154;4
Pergunta 155;4
Pergunta 156;4
Pergunta 157;4
Pergunta 158;4
Pergunta 159;4
Pergunta 160;4
Pergunta 161;4
Pergunta 162;4
Pergunta 163;4
Pergunta 164;4
Pergunta 165;4
Pergunta 166;4
Pergunta 167;4
Pergunta 168;4
Pergunta 169;4
Pergunta 170;4
Pergunta 171;4
Pergunta 172;4
Pergunta 173;4
Pergunta 174;4
Pergunta 175;4
Pergunta 176;4
Pergunta 177;4
Pergunta 178;4
Pergunta 179;4
Pergunta 180;4
Pergunta 181;4
Pergunta 182;4
Pergunta 183;4
Pergunta 184;4
Pergunta 185;4
Pergunta 186;4
Pergunta 187;4
Pergunta 188;4
Pergunta 189;4
Pergunta 190;4
Pergunta 191;4
Pergunta 192;4
Pergunta 193;4
Pergunta 194;4
Pergunta 195;4
Pergunta 196;4
Pergunta 197;4
Pergunta 198;4
Pergunta 199;4
Pergunta 200;4
